"Marca temporal","Rango de edad","¿Te dedicas al arte? (Profesión, hobby...)","¿Qué tipo de arte realizas?","¿Lo publicitas en algún sitio?","¿Qué tipo de plataforma digital utilizas para ello?","Califica del 1 al 5 cada una (Siendo 5 si la utilizo mucho, y 1  no la utilizo). [Instagram]","Califica del 1 al 5 cada una (Siendo 5 si la utilizo mucho, y 1  no la utilizo). [Facebook]","Califica del 1 al 5 cada una (Siendo 5 si la utilizo mucho, y 1  no la utilizo). [Tumblr]","Califica del 1 al 5 cada una (Siendo 5 si la utilizo mucho, y 1  no la utilizo). [Pinterest]","Califica del 1 al 5 cada una (Siendo 5 si la utilizo mucho, y 1  no la utilizo). [Deviant Art]","Califica del 1 al 5 cada una (Siendo 5 si la utilizo mucho, y 1  no la utilizo). [Flickr]","Califica del 1 al 5 cada una (Siendo 5 si la utilizo mucho, y 1  no la utilizo). [Dribbble]","Califica del 1 al 5 cada una (Siendo 5 si la utilizo mucho, y 1  no la utilizo). [Reddit]","Califica del 1 al 5 cada una (Siendo 5 si la utilizo mucho, y 1  no la utilizo). [Behance]","Califica del 1 al 5 cada una (Siendo 5 si la utilizo mucho, y 1  no la utilizo). [Otra]","Si has respondido ""Otra"", escribe la red social a la que te refieras:","¿Crees que las redes sociales son un buen medio para publicitar tu arte?","¿Crees que las redes sociales son un buen medio para vender tu arte?","Si utilizas algún medio para acceder a contenidos artísticos, ¿Cuál es el que más utilizas?","¿Qué tipo de plataforma digital utilizas para ver contenido artístico?","¿Cuál es la que más utilizas?"
"2021/04/02 1:02:30 p. m. EET","De 16 a 25 años","No","","","","","","","","","","","","","","","","","No consumo contenidos artísticos","",""
"2021/04/02 1:03:30 p. m. EET","De 46 a 55 años","Si, como hobby","Pintura","Internet","Redes sociales (Instagram, Facebook, Tumblr, Dribbble...)","5","3","1","3","1","1","1","1","1","1","","Si","No","Internet (redes sociales, páginas web, museos digitales...)","Redes sociales","Instagram"
"2021/04/03 11:52:35 a. m. EET","De 26 a 35 años","No","","","","","","","","","","","","","","","","","No consumo contenidos artísticos","",""
"2021/04/03 12:15:21 p. m. EET","De 16 a 25 años","Si, como hobby","Pintura","No lo publicito","","","","","","","","","","","","","","","Internet (redes sociales, páginas web, museos digitales...)","Redes sociales","Pinterest"
"2021/04/03 2:55:13 p. m. EET","De 46 a 55 años","No","","","","","","","","","","","","","","","","","Museos o exposiciones","",""
"2021/04/03 3:04:32 p. m. EET","De 16 a 25 años","Si, como hobby","Pintura","No lo publicito","","","","","","","","","","","","","","","Internet (redes sociales, páginas web, museos digitales...)","Redes sociales","Pinterest"
"2021/04/03 3:08:48 p. m. EET","De 16 a 25 años","No","","","","","","","","","","","","","","","","","Internet (redes sociales, páginas web, museos digitales...)","Sitios web dedicados al tema",""
"2021/04/03 8:42:05 p. m. EET","De 46 a 55 años","Si, como hobby","Pintura","Internet","Redes sociales (Instagram, Facebook, Tumblr, Dribbble...)","5","3","","","","","","","","4","Estado de wsp.","Si","Si","Internet (redes sociales, páginas web, museos digitales...)","Redes sociales","Instagram"
"2021/04/03 9:43:20 p. m. EET","De 46 a 55 años","No","","","","","","","","","","","","","","","","","Documentales","",""
"2021/04/03 11:17:44 p. m. EET","De 46 a 55 años","No","","","","","","","","","","","","","","","","","Documentales","",""
"2021/04/04 11:52:45 a. m. EET","Más de 56 años","No","","","","","","","","","","","","","","","","","Museos o exposiciones","",""
"2021/04/04 4:21:33 p. m. EET","De 16 a 25 años","No","","","","","","","","","","","","","","","","","Museos o exposiciones","",""
"2021/04/04 4:28:56 p. m. EET","De 16 a 25 años","No","","","","","","","","","","","","","","","","","Internet (redes sociales, páginas web, museos digitales...)","Redes sociales","Instagram"
"2021/04/04 4:29:09 p. m. EET","De 16 a 25 años","Si, como hobby","Danza","No lo publicito","","","","","","","","","","","","","","","Internet (redes sociales, páginas web, museos digitales...)","Redes sociales","Instagram"
"2021/04/04 5:51:00 p. m. EET","De 16 a 25 años","Si, como hobby","Pintura","No lo publicito","","","","","","","","","","","","","","","Internet (redes sociales, páginas web, museos digitales...)","Redes sociales","Pinterest"
"2021/04/04 10:42:04 p. m. EET","De 46 a 55 años","No","","","","","","","","","","","","","","","","","Documentales","",""
"2021/04/05 10:52:48 a. m. EET","De 16 a 25 años","Si, como hobby","Cómic/Manga","Internet","Redes sociales (Instagram, Facebook, Tumblr, Dribbble...)","4","1","1","3","1","1","1","1","1","1","","Si","Si","Internet (redes sociales, páginas web, museos digitales...)","Sitios web dedicados al tema",""
"2021/04/05 11:12:41 a. m. EET","De 26 a 35 años","No","","","","","","","","","","","","","","","","","Internet (redes sociales, páginas web, museos digitales...)","Redes sociales","Instagram"
"2021/04/05 11:19:32 a. m. EET","De 16 a 25 años","Si, como profesión","Ilustraciones","Internet","Redes sociales (Instagram, Facebook, Tumblr, Dribbble...)","5","1","1","3","1","1","1","1","1","1","","Si","No","Museos o exposiciones","",""
"2021/04/05 11:34:07 a. m. EET","De 26 a 35 años","Si, como hobby","Pintura","No lo publicito","","","","","","","","","","","","","","","Internet (redes sociales, páginas web, museos digitales...)","Redes sociales","Instagram"
"2021/04/05 11:43:26 a. m. EET","De 16 a 25 años","Si, como hobby","Ilustraciones","No lo publicito","","","","","","","","","","","","","","","Internet (redes sociales, páginas web, museos digitales...)","Redes sociales",""
"2021/04/05 11:45:09 a. m. EET","De 16 a 25 años","Si, como profesión","Diseño gráfico y arte digital ","RRSS","Redes sociales (Instagram, Facebook, Tumblr, Dribbble...)","5","2","2","5","2","2","2","2","4","2","","Si","Si","Internet (redes sociales, páginas web, museos digitales...)","Redes sociales","Behance"
"2021/04/05 11:52:50 a. m. EET","De 46 a 55 años","Si, como profesión","Ilustraciones","Espacios abiertos","","","","","","","","","","","","","","","Museos o exposiciones","",""
"2021/04/05 11:57:58 a. m. EET","De 16 a 25 años","Si, como hobby","Pintura","No lo publicito","","","","","","","","","","","","","","","Museos o exposiciones","",""
"2021/04/05 11:57:59 a. m. EET","De 26 a 35 años","Si, como hobby","Ilustraciones","No lo publicito","","","","","","","","","","","","","","","Internet (redes sociales, páginas web, museos digitales...)","Sitios web dedicados al tema",""
"2021/04/05 11:58:41 a. m. EET","De 16 a 25 años","Si, como hobby","Ilustraciones","No lo publicito","","","","","","","","","","","","","","","Internet (redes sociales, páginas web, museos digitales...)","Redes sociales","Instagram"
"2021/04/05 11:59:05 a. m. EET","De 16 a 25 años","Si, como profesión","Ilustraciones","Internet","Redes sociales (Instagram, Facebook, Tumblr, Dribbble...)","3","1","2","2","2","1","2","2","4","4","tik tok","No","Si","Internet (redes sociales, páginas web, museos digitales...)","Redes sociales","Behance"
"2021/04/05 12:01:29 p. m. EET","De 16 a 25 años","Si, como profesión","Ilustraciones","Internet","Redes sociales (Instagram, Facebook, Tumblr, Dribbble...)","4","1","1","4","1","1","1","1","2","5","Tiktok","Si","Si","Museos o exposiciones","",""
"2021/04/05 12:03:51 p. m. EET","De 46 a 55 años","No","","","","","","","","","","","","","","","","","Documentales","",""
"2021/04/05 12:06:17 p. m. EET","De 46 a 55 años","Si, como hobby","Fotografía","Internet","Redes sociales (Instagram, Facebook, Tumblr, Dribbble...)","5","3","1","5","4","1","1","1","1","","","Si","Si","Internet (redes sociales, páginas web, museos digitales...)","Redes sociales","Instagram"
"2021/04/05 12:08:27 p. m. EET","De 46 a 55 años","No","","","","","","","","","","","","","","","","","Internet (redes sociales, páginas web, museos digitales...)","Youtube","Pinterest"
"2021/04/05 12:08:39 p. m. EET","De 16 a 25 años","Si, como hobby","Ilustraciones","Internet","Redes sociales (Instagram, Facebook, Tumblr, Dribbble...)","5","1","2","4","1","1","1","1","1","3","Artstation","Si","Si","Museos, exposiciones, libros e internet","Redes sociales","Instagram"
"2021/04/05 12:10:30 p. m. EET","De 46 a 55 años","No","","","","","","","","","","","","","","","","","Museos o exposiciones","",""
"2021/04/05 12:11:34 p. m. EET","De 46 a 55 años","No","","","","","","","","","","","","","","","","","Documentales","",""
"2021/04/05 12:11:55 p. m. EET","De 16 a 25 años","Si, como profesión","Ilustraciones","Internet","Redes sociales (Instagram, Facebook, Tumblr, Dribbble...)","5","1","1","1","1","1","1","1","3","5","Twitter","Si","Si","Internet (redes sociales, páginas web, museos digitales...)","Redes sociales","Instagram"
"2021/04/05 12:12:41 p. m. EET","De 46 a 55 años","No","","","","","","","","","","","","","","","","","Internet (redes sociales, páginas web, museos digitales...)","Redes sociales","Instagram"
"2021/04/05 12:22:00 p. m. EET","De 16 a 25 años","Si, como hobby","Pintura","No lo publicito","","","","","","","","","","","","","","","Museos o exposiciones","",""
"2021/04/05 12:22:23 p. m. EET","De 16 a 25 años","Si, como hobby","Ilustraciones","No lo publicito","","","","","","","","","","","","","","","Internet (redes sociales, páginas web, museos digitales...)","Redes sociales","Pinterest"
"2021/04/05 12:25:36 p. m. EET","De 16 a 25 años","Si, como hobby","Ilustraciones","Internet","Redes sociales (Instagram, Facebook, Tumblr, Dribbble...)","5","1","1","1","1","1","1","1","1","1","","Si","No","Museos o exposiciones","",""
"2021/04/05 12:31:55 p. m. EET","De 26 a 35 años","Si, como profesión","Escultura y pintura ","Museos o exposiciones","","","","","","","","","","","","","","","Internet (redes sociales, páginas web, museos digitales...)","Redes sociales","Instagram"
"2021/04/05 12:40:02 p. m. EET","De 16 a 25 años","Si, como hobby","Pintura","No lo publicito","","","","","","","","","","","","","","","Internet (redes sociales, páginas web, museos digitales...)","Redes sociales","Instagram"
"2021/04/05 12:51:01 p. m. EET","De 26 a 35 años","No","","","","","","","","","","","","","","","","","Internet (redes sociales, páginas web, museos digitales...)","Redes sociales","Instagram"
"2021/04/05 12:58:14 p. m. EET","De 36 a 45 años","No","","","","","","","","","","","","","","","","","Documentales","",""
"2021/04/05 1:10:15 p. m. EET","De 46 a 55 años","No","","","","","","","","","","","","","","","","","No consumo contenidos artísticos","",""
"2021/04/05 1:18:16 p. m. EET","De 16 a 25 años","Si, como profesión","Ilustraciones","No lo publicito","","","","","","","","","","","","","","","Internet (redes sociales, páginas web, museos digitales...)","Redes sociales","Instagram;Pinterest;Behance"
"2021/04/05 1:27:55 p. m. EET","Más de 56 años","Si, como hobby","Pintura","Museos o exposiciones","","","","","","","","","","","","","","","Museos o exposiciones","",""
"2021/04/05 1:29:19 p. m. EET","De 46 a 55 años","Si, como hobby","Textil ","Internet","Redes sociales (Instagram, Facebook, Tumblr, Dribbble...)","5","2","1","1","1","1","1","1","1","1","Etsy, tienda online para vender artesanía textil ","Si","Si","Asociaciones artísticas, ej. Asociación española de patchwork y revistas en papel u online sobre modalidad artistica","Revistas online","Instagram"
"2021/04/05 1:32:00 p. m. EET","De 46 a 55 años","No","","","","","","","","","","","","","","","","","Internet (redes sociales, páginas web, museos digitales...)","Sitios web dedicados al tema",""
"2021/04/05 1:32:20 p. m. EET","De 46 a 55 años","Si, como profesión","Pintura","Museos o exposiciones","","","","","","","","","","","","","","","Museos o exposiciones","",""
"2021/04/05 1:33:40 p. m. EET","De 36 a 45 años","Si, como hobby","Baile y canto","No lo publicito","","","","","","","","","","","","","","","Internet (redes sociales, páginas web, museos digitales...)","Redes sociales","Instagram;Facebook;Pinterest"
"2021/04/05 1:34:20 p. m. EET","De 16 a 25 años","Si, como hobby","Ilustraciones","No lo publicito","","","","","","","","","","","","","","","Internet (redes sociales, páginas web, museos digitales...)","Redes sociales",""
"2021/04/05 1:38:12 p. m. EET","De 16 a 25 años","Si, como hobby","Pintura, ilustración física y digital","Internet","Redes sociales (Instagram, Facebook, Tumblr, Dribbble...)","4","1","1","1","1","1","1","1","1","1","","Si","Si","Museos o exposiciones","",""
"2021/04/05 1:43:38 p. m. EET","De 36 a 45 años","Si, como hobby","Pintura","No lo publicito","","","","","","","","","","","","","","","Internet (redes sociales, páginas web, museos digitales...)","Sitios web dedicados al tema",""
"2021/04/05 1:56:24 p. m. EET","Más de 56 años","No","","","","","","","","","","","","","","","","","Museos o exposiciones","",""
"2021/04/05 2:03:18 p. m. EET","Más de 56 años","No","","","","","","","","","","","","","","","","","Museos o exposiciones","",""
"2021/04/05 2:21:48 p. m. EET","De 26 a 35 años","No","","","","","","","","","","","","","","","","","No consumo contenidos artísticos","",""
"2021/04/05 2:27:36 p. m. EET","De 46 a 55 años","No","","","","","","","","","","","","","","","","","Museos o exposiciones","",""
"2021/04/05 2:43:16 p. m. EET","De 16 a 25 años","Si, como profesión","Fotografía","No lo publicito","","","","","","","","","","","","","","","Internet (redes sociales, páginas web, museos digitales...)","Redes sociales","Instagram;Pinterest"
"2021/04/05 2:57:58 p. m. EET","De 16 a 25 años","Si, como hobby","Ilustraciones","Internet","Redes sociales (Instagram, Facebook, Tumblr, Dribbble...)","3","1","1","5","2","2","1","1","3","5","Twitter","Si","Si","Internet (redes sociales, páginas web, museos digitales...)","Redes sociales","Instagram"
"2021/04/05 3:00:54 p. m. EET","De 46 a 55 años","No","","","","","","","","","","","","","","","","","Museos o exposiciones","",""
"2021/04/05 3:14:37 p. m. EET","De 26 a 35 años","No","","","","","","","","","","","","","","","","","Internet (redes sociales, páginas web, museos digitales...)","Sitios web dedicados al tema",""
"2021/04/05 3:44:45 p. m. EET","De 46 a 55 años","Si, como profesión","Ilustraciones","Espacios abiertos","","","","","","","","","","","","","","","Museos o exposiciones","",""
"2021/04/05 3:49:47 p. m. EET","De 16 a 25 años","Si, como hobby","Cantar y bailar","Internet","Redes sociales (Instagram, Facebook, Tumblr, Dribbble...)","4","1","1","5","1","1","1","1","1","5","Tiktok","Si","Si","Museos o exposiciones","",""
"2021/04/05 5:12:03 p. m. EET","De 16 a 25 años","Si, como hobby","Fotografía","Internet","Redes sociales (Instagram, Facebook, Tumblr, Dribbble...)","5","2","2","2","2","2","2","2","2","2","","Si","Si","Internet (redes sociales, páginas web, museos digitales...)","Redes sociales","Pinterest"
"2021/04/05 6:02:16 p. m. EET","De 26 a 35 años","Si, como hobby","Pintura","No lo publicito","","","","","","","","","","","","","","","Internet (redes sociales, páginas web, museos digitales...)","Redes sociales","Instagram"
"2021/04/05 6:22:06 p. m. EET","De 36 a 45 años","Si, como profesión","Diseño gráfico ","No lo publicito","","","","","","","","","","","","","","","Internet (redes sociales, páginas web, museos digitales...)","Redes sociales","Instagram;Behance"
"2021/04/05 6:48:50 p. m. EET","De 16 a 25 años","Si, como profesión","Ilustraciones","No lo publicito","","","","","","","","","","","","","","","Museos o exposiciones","",""
"2021/04/05 8:23:54 p. m. EET","De 26 a 35 años","Si, como hobby","Pintura","No lo publicito","","","","","","","","","","","","","","","Internet (redes sociales, páginas web, museos digitales...)","Redes sociales","Instagram"
"2021/04/05 10:52:52 p. m. EET","De 16 a 25 años","Si, como hobby","Pintura","Internet","Redes sociales (Instagram, Facebook, Tumblr, Dribbble...)","5","2","2","2","2","2","2","2","2","","Twitter","Si","Si","Internet (redes sociales, páginas web, museos digitales...)","Redes sociales","Instagram;Pinterest;Deviant Art"
"2021/04/05 10:59:08 p. m. EET","De 46 a 55 años","No","","","","","","","","","","","","","","","","","Museos o exposiciones","",""
"2021/04/06 1:35:44 a. m. EET","De 46 a 55 años","Si, como profesión","Pintura","Internet","Redes sociales (Instagram, Facebook, Tumblr, Dribbble...)","5","5","1","2","2","1","1","1","1","1","","Si","Si","Internet (redes sociales, páginas web, museos digitales...)","Redes sociales","Instagram"
"2021/04/06 9:00:32 a. m. EET","De 36 a 45 años","Si, como hobby","Ilustraciones","Instagram","Redes sociales (Instagram, Facebook, Tumblr, Dribbble...)","5","2","1","2","2","2","2","2","2","","","Si","Si","Museos, internet y documentales","Redes sociales","Instagram"
"2021/04/06 9:59:12 a. m. EET","De 46 a 55 años","No","","","","","","","","","","","","","","","","","Internet (redes sociales, páginas web, museos digitales...)","Sitios web dedicados al tema",""
"2021/04/06 10:33:41 a. m. EET","De 46 a 55 años","Si, como profesión","Diseño","No lo publicito","","","","","","","","","","","","","","","Internet (redes sociales, páginas web, museos digitales...)","Sitios web dedicados al tema",""
"2021/04/06 11:08:18 a. m. EET","De 46 a 55 años","No","","","","","","","","","","","","","","","","","Museos o exposiciones","",""
"2021/04/06 11:21:48 a. m. EET","De 46 a 55 años","No","","","","","","","","","","","","","","","","","Internet (redes sociales, páginas web, museos digitales...)","Sitios web dedicados al tema",""
"2021/04/06 1:08:16 p. m. EET","De 46 a 55 años","Si, como hobby","Macrame","No lo publicito","","","","","","","","","","","","","","","Internet (redes sociales, páginas web, museos digitales...)","Redes sociales","Instagram;Pinterest"
"2021/04/06 1:18:56 p. m. EET","De 46 a 55 años","No","","","","","","","","","","","","","","","","","Internet (redes sociales, páginas web, museos digitales...)","Redes sociales","Instagram;Pinterest"
"2021/04/06 1:22:35 p. m. EET","Más de 56 años","Si, como hobby","Labores","No lo publicito","","","","","","","","","","","","","","","Revistas . Televisión","Revistas y televisión","Revistas"
"2021/04/06 1:35:15 p. m. EET","De 46 a 55 años","Si, como hobby","Fotografía","No lo publicito","","","","","","","","","","","","","","","Internet (redes sociales, páginas web, museos digitales...)","Redes sociales","Instagram"
"2021/04/06 1:44:41 p. m. EET","De 46 a 55 años","No","","","","","","","","","","","","","","","","","No consumo contenidos artísticos","",""
"2021/04/06 3:03:26 p. m. EET","De 46 a 55 años","No","","","","","","","","","","","","","","","","","Internet (redes sociales, páginas web, museos digitales...)","Sitios web dedicados al tema",""
"2021/04/06 3:03:34 p. m. EET","Más de 56 años","No","","","","","","","","","","","","","","","","","Museos o exposiciones","",""
"2021/04/06 3:07:34 p. m. EET","De 46 a 55 años","No","","","","","","","","","","","","","","","","","No consumo contenidos artísticos","",""
"2021/04/06 3:10:08 p. m. EET","De 36 a 45 años","No","","","","","","","","","","","","","","","","","Internet (redes sociales, páginas web, museos digitales...)","Redes sociales","Instagram;Facebook;Pinterest"
"2021/04/06 3:10:20 p. m. EET","De 46 a 55 años","No","","","","","","","","","","","","","","","","","Internet (redes sociales, páginas web, museos digitales...)","Redes sociales","Facebook"
"2021/04/06 3:11:37 p. m. EET","De 36 a 45 años","No","","","","","","","","","","","","","","","","","Internet (redes sociales, páginas web, museos digitales...)","Redes sociales","Instagram;Facebook;Pinterest"
"2021/04/06 3:11:42 p. m. EET","De 46 a 55 años","Si, como hobby","Fotografía","No lo publicito","","","","","","","","","","","","","","","Museos o exposiciones","",""
"2021/04/06 3:14:07 p. m. EET","De 46 a 55 años","Si, como hobby","Escultura","No lo publicito","","","","","","","","","","","","","","","Internet (redes sociales, páginas web, museos digitales...)","Redes sociales","Facebook"
"2021/04/06 3:14:07 p. m. EET","Más de 56 años","Si, como hobby","Baile","No lo publicito","","","","","","","","","","","","","","","Museos o exposiciones","",""
"2021/04/06 3:18:05 p. m. EET","Más de 56 años","No","","","","","","","","","","","","","","","","","Internet (redes sociales, páginas web, museos digitales...)","Redes sociales","Instagram"
"2021/04/06 3:21:17 p. m. EET","De 46 a 55 años","No","","","","","","","","","","","","","","","","","Internet (redes sociales, páginas web, museos digitales...)","Sitios web dedicados al tema",""
"2021/04/06 3:27:06 p. m. EET","De 46 a 55 años","No","","","","","","","","","","","","","","","","","Internet (redes sociales, páginas web, museos digitales...)","Redes sociales","Instagram;Pinterest"
"2021/04/06 3:27:35 p. m. EET","De 46 a 55 años","Si, como hobby","Música ","Conciertos eventuales en directo ","Redes sociales (Instagram, Facebook, Tumblr, Dribbble...)","1","4","1","2","1","1","1","1","1","1","","Si","No","YouTube y Spotify ","Redes sociales","Facebook;Pinterest;Flickr"
"2021/04/06 3:28:25 p. m. EET","De 36 a 45 años","No","","","","","","","","","","","","","","","","","Internet (redes sociales, páginas web, museos digitales...)","Redes sociales","Facebook"
"2021/04/06 3:29:52 p. m. EET","De 36 a 45 años","No","","","","","","","","","","","","","","","","","Internet (redes sociales, páginas web, museos digitales...)","Redes sociales","Instagram;Pinterest"
"2021/04/06 3:30:52 p. m. EET","De 36 a 45 años","No","","","","","","","","","","","","","","","","","Museos o exposiciones","",""
"2021/04/06 3:34:15 p. m. EET","De 36 a 45 años","Si, como hobby","MÚSICA","Conciertos ","Sitios web dedicados al tema","","","","","","","","","","","","","","Internet (redes sociales, páginas web, museos digitales...)","Redes sociales","Youtube"
"2021/04/06 3:34:31 p. m. EET","De 46 a 55 años","No","","","","","","","","","","","","","","","","","Documentales","",""
"2021/04/06 3:35:14 p. m. EET","De 36 a 45 años","No","","","","","","","","","","","","","","","","","No consumo contenidos artísticos","",""
"2021/04/06 3:35:35 p. m. EET","De 46 a 55 años","No","","","","","","","","","","","","","","","","","No consumo contenidos artísticos","",""
"2021/04/06 3:36:57 p. m. EET","De 46 a 55 años","No","","","","","","","","","","","","","","","","","No consumo contenidos artísticos","",""
"2021/04/06 3:37:29 p. m. EET","De 46 a 55 años","No","","","","","","","","","","","","","","","","","Museos o exposiciones","",""
"2021/04/06 3:38:46 p. m. EET","De 36 a 45 años","No","","","","","","","","","","","","","","","","","No consumo contenidos artísticos","",""
"2021/04/06 3:44:15 p. m. EET","De 26 a 35 años","No","","","","","","","","","","","","","","","","","Internet (redes sociales, páginas web, museos digitales...)","Redes sociales","Instagram;Reddit"
"2021/04/06 3:56:20 p. m. EET","De 46 a 55 años","No","","","","","","","","","","","","","","","","","Internet (redes sociales, páginas web, museos digitales...)","Sitios web dedicados al tema",""
"2021/04/06 3:57:12 p. m. EET","De 46 a 55 años","No","","","","","","","","","","","","","","","","","Museos o exposiciones","",""
"2021/04/06 3:57:26 p. m. EET","Más de 56 años","No","","","","","","","","","","","","","","","","","Internet (redes sociales, páginas web, museos digitales...)","Redes sociales","Instagram"
"2021/04/06 3:57:27 p. m. EET","De 16 a 25 años","No","","","","","","","","","","","","","","","","","Internet (redes sociales, páginas web, museos digitales...)","Sitios web dedicados al tema",""
"2021/04/06 3:59:27 p. m. EET","De 46 a 55 años","No","","","","","","","","","","","","","","","","","Internet (redes sociales, páginas web, museos digitales...)","Sitios web dedicados al tema",""
"2021/04/06 4:12:03 p. m. EET","Más de 56 años","No","","","","","","","","","","","","","","","","","Documentales","",""
"2021/04/06 4:15:10 p. m. EET","De 36 a 45 años","No","","","","","","","","","","","","","","","","","Documentales","",""
"2021/04/06 4:18:48 p. m. EET","De 36 a 45 años","No","","","","","","","","","","","","","","","","","Documentales","",""
"2021/04/06 4:20:48 p. m. EET","De 46 a 55 años","No","","","","","","","","","","","","","","","","","No consumo contenidos artísticos","",""
"2021/04/06 4:30:33 p. m. EET","Más de 56 años","No","","","","","","","","","","","","","","","","","Museos o exposiciones","",""
"2021/04/06 4:45:14 p. m. EET","De 36 a 45 años","No","","","","","","","","","","","","","","","","","Museos o exposiciones","",""
"2021/04/06 4:45:16 p. m. EET","De 46 a 55 años","No","","","","","","","","","","","","","","","","","Biblioteca","",""
"2021/04/06 4:52:49 p. m. EET","Más de 56 años","No","","","","","","","","","","","","","","","","","Museos o exposiciones","",""
"2021/04/06 5:16:06 p. m. EET","De 36 a 45 años","No","","","","","","","","","","","","","","","","","Museos o exposiciones","",""
"2021/04/06 5:19:11 p. m. EET","De 36 a 45 años","Si, como hobby","Perito y tasador","No lo publicito","","","","","","","","","","","","","","","Internet (redes sociales, páginas web, museos digitales...)","Sitios web dedicados al tema",""
"2021/04/06 5:21:14 p. m. EET","De 46 a 55 años","No","","","","","","","","","","","","","","","","","Biblioteca","",""
"2021/04/06 5:21:18 p. m. EET","De 46 a 55 años","No","","","","","","","","","","","","","","","","","Biblioteca","",""
"2021/04/06 5:21:44 p. m. EET","De 36 a 45 años","No","","","","","","","","","","","","","","","","","Internet (redes sociales, páginas web, museos digitales...)","Sitios web dedicados al tema",""
"2021/04/06 5:22:02 p. m. EET","De 46 a 55 años","No","","","","","","","","","","","","","","","","","Biblioteca","",""
"2021/04/06 5:28:19 p. m. EET","De 36 a 45 años","No","","","","","","","","","","","","","","","","","Internet (redes sociales, páginas web, museos digitales...)","Buscadores","Facebook"
"2021/04/06 5:31:13 p. m. EET","De 26 a 35 años","Si, como profesión","Fotografía","Internet","Redes sociales (Instagram, Facebook, Tumblr, Dribbble...)","4","1","1","2","1","1","1","1","1","1","","Si","No","Internet (redes sociales, páginas web, museos digitales...)","Sitios web dedicados al tema",""
"2021/04/06 5:33:12 p. m. EET","De 36 a 45 años","Si, como hobby","Pintura","No lo publicito","","","","","","","","","","","","","","","Internet (redes sociales, páginas web, museos digitales...)","Blogs",""
"2021/04/06 5:35:04 p. m. EET","De 36 a 45 años","No","","","","","","","","","","","","","","","","","Museos o exposiciones","",""
"2021/04/06 5:35:26 p. m. EET","De 46 a 55 años","Si, como hobby","Fotografía","No lo publicito","","","","","","","","","","","","","","","Museos o exposiciones","",""
"2021/04/06 5:44:06 p. m. EET","De 36 a 45 años","No","","","","","","","","","","","","","","","","","Museos o exposiciones","",""
"2021/04/06 5:44:13 p. m. EET","De 46 a 55 años","No","","","","","","","","","","","","","","","","","Internet (redes sociales, páginas web, museos digitales...)","Sitios web dedicados al tema",""
"2021/04/06 5:48:20 p. m. EET","De 46 a 55 años","No","","","","","","","","","","","","","","","","","Podcast, museos, documentales, RRSS","Todas las anteriores. ","Pinterest"
"2021/04/06 5:52:24 p. m. EET","De 36 a 45 años","No","","","","","","","","","","","","","","","","","Museos o exposiciones","",""
"2021/04/06 6:03:59 p. m. EET","Más de 56 años","No","","","","","","","","","","","","","","","","","Internet (redes sociales, páginas web, museos digitales...)","Sitios web dedicados al tema",""
"2021/04/06 6:06:37 p. m. EET","De 46 a 55 años","No","","","","","","","","","","","","","","","","","Internet (redes sociales, páginas web, museos digitales...)","Redes sociales","Facebook"
"2021/04/06 6:15:53 p. m. EET","De 46 a 55 años","No","","","","","","","","","","","","","","","","","Documentales","",""
"2021/04/06 6:17:22 p. m. EET","De 36 a 45 años","Si, como hobby","Fotografía","No lo publicito","","","","","","","","","","","","","","","No consumo contenidos artísticos","",""
"2021/04/06 6:23:26 p. m. EET","De 46 a 55 años","No","","","","","","","","","","","","","","","","","Museos o exposiciones","",""
"2021/04/06 6:33:38 p. m. EET","De 46 a 55 años","No","","","","","","","","","","","","","","","","","Museos o exposiciones","",""
"2021/04/06 6:59:26 p. m. EET","De 46 a 55 años","Si, como hobby","Pintura","Internet","Redes sociales (Instagram, Facebook, Tumblr, Dribbble...)","3","5","5","5","5","5","5","5","5","","","Si","No","Internet (redes sociales, páginas web, museos digitales...)","Redes sociales","Instagram"
"2021/04/06 7:19:01 p. m. EET","Más de 56 años","No","","","","","","","","","","","","","","","","","Museos o exposiciones","",""
"2021/04/06 7:19:33 p. m. EET","Más de 56 años","No","","","","","","","","","","","","","","","","","Museos o exposiciones","",""
"2021/04/06 7:23:33 p. m. EET","Más de 56 años","No","","","","","","","","","","","","","","","","","No consumo contenidos artísticos","",""
"2021/04/06 7:37:48 p. m. EET","De 36 a 45 años","No","","","","","","","","","","","","","","","","","Internet (redes sociales, páginas web, museos digitales...)","Sitios web dedicados al tema",""
"2021/04/06 7:51:43 p. m. EET","De 46 a 55 años","No","","","","","","","","","","","","","","","","","Internet (redes sociales, páginas web, museos digitales...)","Sitios web dedicados al tema",""
"2021/04/06 7:53:31 p. m. EET","De 10 a 15 años","Si, como hobby","Pintura","No lo publicito","","","","","","","","","","","","","","","Internet (redes sociales, páginas web, museos digitales...)","Redes sociales","Pinterest"
"2021/04/06 7:57:15 p. m. EET","De 46 a 55 años","No","","","","","","","","","","","","","","","","","Internet (redes sociales, páginas web, museos digitales...)","Sitios web dedicados al tema",""
"2021/04/06 8:03:01 p. m. EET","De 46 a 55 años","No","","","","","","","","","","","","","","","","","Internet (redes sociales, páginas web, museos digitales...)","Sitios web dedicados al tema",""
"2021/04/06 8:12:19 p. m. EET","De 36 a 45 años","Si, como hobby","Pintura","No lo publicito","","","","","","","","","","","","","","","Museos o exposiciones","",""
"2021/04/06 8:43:57 p. m. EET","De 46 a 55 años","No","","","","","","","","","","","","","","","","","Documentales","",""
"2021/04/06 8:48:34 p. m. EET","De 36 a 45 años","No","","","","","","","","","","","","","","","","","Internet (redes sociales, páginas web, museos digitales...)","Redes sociales","Instagram"
"2021/04/06 8:53:45 p. m. EET","De 16 a 25 años","Si, como profesión","Fotografía, videoclips y animaciones","Internet","Redes sociales (Instagram, Facebook, Tumblr, Dribbble...)","4","1","1","1","1","1","1","1","3","","","Si","Si","Internet (redes sociales, páginas web, museos digitales...)","Redes sociales","Instagram"
"2021/04/06 8:58:27 p. m. EET","De 46 a 55 años","No","","","","","","","","","","","","","","","","","Internet (redes sociales, páginas web, museos digitales...)","Sitios web dedicados al tema",""
"2021/04/06 9:11:50 p. m. EET","De 36 a 45 años","No","","","","","","","","","","","","","","","","","Documentales","",""
"2021/04/06 9:13:18 p. m. EET","De 46 a 55 años","No","","","","","","","","","","","","","","","","","Museos o exposiciones","",""
"2021/04/06 9:31:20 p. m. EET","De 36 a 45 años","No","","","","","","","","","","","","","","","","","Internet (redes sociales, páginas web, museos digitales...)","Sitios web dedicados al tema",""
"2021/04/06 9:42:48 p. m. EET","De 46 a 55 años","Si, como hobby","Fotografía","No lo publicito","","","","","","","","","","","","","","","Internet (redes sociales, páginas web, museos digitales...)","Redes sociales","Instagram;Facebook;Pinterest"
"2021/04/06 10:00:34 p. m. EET","De 46 a 55 años","Si, como profesión","Diseño","No lo publicito","","","","","","","","","","","","","","","Internet (redes sociales, páginas web, museos digitales...)","Sitios web dedicados al tema",""
"2021/04/06 10:05:10 p. m. EET","Más de 56 años","No","","","","","","","","","","","","","","","","","Documentales","",""
"2021/04/06 10:09:24 p. m. EET","De 26 a 35 años","No","","","","","","","","","","","","","","","","","Museos o exposiciones","",""
"2021/04/06 10:10:55 p. m. EET","De 36 a 45 años","No","","","","","","","","","","","","","","","","","Documentales","",""
"2021/04/06 10:18:39 p. m. EET","De 46 a 55 años","No","","","","","","","","","","","","","","","","","Documentales","",""
"2021/04/06 10:23:45 p. m. EET","De 36 a 45 años","No","","","","","","","","","","","","","","","","","Documentales","",""
"2021/04/06 10:47:51 p. m. EET","Más de 56 años","Si, como hobby","Dibujo","Internet","Redes sociales (Instagram, Facebook, Tumblr, Dribbble...)","5","2","4","2","1","2","1","2","1","","","Si","No","Internet (redes sociales, páginas web, museos digitales...)","Redes sociales","Instagram"
"2021/04/06 11:02:42 p. m. EET","De 36 a 45 años","No","","","","","","","","","","","","","","","","","Documentales","",""
"2021/04/06 11:14:02 p. m. EET","De 16 a 25 años","No","","","","","","","","","","","","","","","","","Internet (redes sociales, páginas web, museos digitales...)","Sitios web dedicados al tema",""
"2021/04/06 11:14:02 p. m. EET","","No","","","","","","","","","","","","","","","","","Museos o exposiciones","",""
"2021/04/06 11:25:09 p. m. EET","De 36 a 45 años","Si, como hobby","Musica","Internet","Redes sociales (Instagram, Facebook, Tumblr, Dribbble...)","5","5","1","2","1","1","1","1","1","5","Twitter","Si","Si","Internet (redes sociales, páginas web, museos digitales...)","Redes sociales","Instagram;Facebook"
"2021/04/06 11:33:30 p. m. EET","De 36 a 45 años","No","","","","","","","","","","","","","","","","","Internet (redes sociales, páginas web, museos digitales...)","Museos digitales",""
"2021/04/06 11:54:18 p. m. EET","De 36 a 45 años","Si, como profesión","","Museos o exposiciones","","","","","","","","","","","","","","","Museos o exposiciones","",""
"2021/04/07 5:09:21 a. m. EET","De 36 a 45 años","No","","","","","","","","","","","","","","","","","Internet (redes sociales, páginas web, museos digitales...)","Redes sociales","Instagram;Facebook;Pinterest"
"2021/04/07 7:14:31 a. m. EET","De 36 a 45 años","No","","","","","","","","","","","","","","","","","Internet (redes sociales, páginas web, museos digitales...)","Sitios web dedicados al tema",""
"2021/04/07 7:39:48 a. m. EET","De 36 a 45 años","No","","","","","","","","","","","","","","","","","Internet (redes sociales, páginas web, museos digitales...)","Redes sociales","Instagram"
"2021/04/07 7:46:07 a. m. EET","De 36 a 45 años","No","","","","","","","","","","","","","","","","","Internet (redes sociales, páginas web, museos digitales...)","Museos digitales",""
"2021/04/07 7:54:27 a. m. EET","Más de 56 años","Si, como hobby","Pintura","No lo publicito","","","","","","","","","","","","","","","Biblioteca","",""
"2021/04/07 8:05:33 a. m. EET","De 36 a 45 años","Si, como hobby","Musica","Internet","Redes sociales (Instagram, Facebook, Tumblr, Dribbble...)","5","5","1","2","1","1","1","1","1","5","Twitter","Si","Si","Internet (redes sociales, páginas web, museos digitales...)","Redes sociales","Instagram;Facebook"
"2021/04/07 8:32:59 a. m. EET","De 26 a 35 años","No","","","","","","","","","","","","","","","","","Internet (redes sociales, páginas web, museos digitales...)","Redes sociales","Instagram"
"2021/04/07 8:47:43 a. m. EET","De 26 a 35 años","Si, como hobby","Collages","Internet","Redes sociales (Instagram, Facebook, Tumblr, Dribbble...)","5","4","1","1","1","2","1","1","1","","","Si","Si","Internet (redes sociales, páginas web, museos digitales...)","Redes sociales","Instagram"
"2021/04/07 12:36:43 p. m. EET","De 36 a 45 años","No","","","","","","","","","","","","","","","","","Internet (redes sociales, páginas web, museos digitales...)","Sitios web dedicados al tema",""
"2021/04/07 5:25:03 p. m. EET","De 36 a 45 años","No","","","","","","","","","","","","","","","","","Documentales","",""
"2021/04/08 12:10:05 a. m. EET","De 26 a 35 años","No","","","","","","","","","","","","","","","","","Internet (redes sociales, páginas web, museos digitales...)","Redes sociales","Instagram"
"2021/04/09 11:59:33 a. m. EET","De 16 a 25 años","Si, como profesión","diseño gráfico ","No lo publicito","","","","","","","","","","","","","","","Internet (redes sociales, páginas web, museos digitales...)","Sitios web dedicados al tema",""
"2021/04/09 12:01:17 p. m. EET","De 16 a 25 años","Si, como hobby","Pintura","No lo publicito","","","","","","","","","","","","","","","Internet (redes sociales, páginas web, museos digitales...)","Redes sociales","Instagram;Pinterest"
"2021/04/09 12:01:21 p. m. EET","De 16 a 25 años","Si, como hobby","Fotografia","a veces lo cuelgo en insta","Redes sociales (Instagram, Facebook, Tumblr, Dribbble...)","5","2","1","3","1","2","1","1","1","1","","Si","Si","Internet (redes sociales, páginas web, museos digitales...)","Redes sociales","Instagram;Pinterest"
"2021/04/09 12:01:51 p. m. EET","De 16 a 25 años","Si, como hobby","Fotografía","No lo publicito","","","","","","","","","","","","","","","Internet (redes sociales, páginas web, museos digitales...)","Redes sociales","Instagram;Pinterest"
"2021/04/09 12:01:54 p. m. EET","De 16 a 25 años","Si, como hobby","Pintura","No lo publicito","","","","","","","","","","","","","","","Internet (redes sociales, páginas web, museos digitales...)","Redes sociales","Pinterest"
"2021/04/09 12:02:30 p. m. EET","De 16 a 25 años","Si, como hobby","Pintura","Internet","Redes sociales (Instagram, Facebook, Tumblr, Dribbble...)","5","2","2","","2","2","2","2","2","2","","Si","Si","Internet (redes sociales, páginas web, museos digitales...)","Redes sociales","Instagram"
"2021/04/09 12:04:07 p. m. EET","De 16 a 25 años","Si, como hobby","Ilustraciones","No lo publicito","","","","","","","","","","","","","","","Internet (redes sociales, páginas web, museos digitales...)","Redes sociales","Instagram;Pinterest"
"2021/04/09 12:05:04 p. m. EET","De 16 a 25 años","Si, como hobby","Pintura","No lo publicito","","","","","","","","","","","","","","","Internet (redes sociales, páginas web, museos digitales...)","Redes sociales","Instagram;Pinterest"
"2021/04/09 12:05:53 p. m. EET","De 10 a 15 años","Si, como hobby","Pintura","No lo publicito","","","","","","","","","","","","","","","Museos o exposiciones","",""
"2021/04/09 12:06:14 p. m. EET","De 16 a 25 años","Si, como hobby","Pintura","Internet","Redes sociales (Instagram, Facebook, Tumblr, Dribbble...)","5","2","2","2","2","2","2","2","2","","","Si","Si","Museos o exposiciones","",""
"2021/04/09 12:09:05 p. m. EET","De 26 a 35 años","Si, como hobby","Poesía","Internet","Redes sociales (Instagram, Facebook, Tumblr, Dribbble...)","5","4","5","2","2","2","2","3","2","4","TikTok","Si","Si","Internet (redes sociales, páginas web, museos digitales...)","Sitios web dedicados al tema",""
"2021/04/09 12:09:34 p. m. EET","De 16 a 25 años","Si, como profesión","Ilustraciones","No lo publicito","","","","","","","","","","","","","","","Internet (redes sociales, páginas web, museos digitales...)","Redes sociales","Instagram;Pinterest;Behance"
"2021/04/09 12:11:39 p. m. EET","De 16 a 25 años","Si, como hobby","Pintura","No lo publicito","","","","","","","","","","","","","","","Internet (redes sociales, páginas web, museos digitales...)","Redes sociales","Instagram;Pinterest;Behance"
"2021/04/09 12:12:28 p. m. EET","De 16 a 25 años","Si, como hobby","Pintura","No lo publicito","","","","","","","","","","","","","","","Internet (redes sociales, páginas web, museos digitales...)","Redes sociales","Instagram;Pinterest"
"2021/04/09 12:13:07 p. m. EET","De 16 a 25 años","Si, como hobby","Pintura","Internet","Redes sociales (Instagram, Facebook, Tumblr, Dribbble...)","5","3","","4","","","","","","5","Tik tok, youtube","Si","No","Internet (redes sociales, páginas web, museos digitales...)","Redes sociales","Instagram;Pinterest;Youtube"
"2021/04/09 12:16:42 p. m. EET","De 16 a 25 años","Si, como hobby","Diseño","Internet","Redes sociales (Instagram, Facebook, Tumblr, Dribbble...)","4","1","1","5","","1","1","4","3","","","Si","Si","Documentales","",""
"2021/04/09 12:17:34 p. m. EET","De 16 a 25 años","Si, como hobby","Pintura","No lo publicito","","","","","","","","","","","","","","","Internet (redes sociales, páginas web, museos digitales...)","Museos digitales",""
"2021/04/09 12:20:33 p. m. EET","De 16 a 25 años","No","","","","","","","","","","","","","","","","","Internet (redes sociales, páginas web, museos digitales...)","Sitios web dedicados al tema",""
"2021/04/09 12:27:29 p. m. EET","De 10 a 15 años","Si, como hobby","Pintura","No lo publicito","","","","","","","","","","","","","","","Internet (redes sociales, páginas web, museos digitales...)","Redes sociales","Pinterest"
"2021/04/09 12:29:15 p. m. EET","De 16 a 25 años","Si, como hobby","Pintura y fotografía","No lo publicito","","","","","","","","","","","","","","","Internet (redes sociales, páginas web, museos digitales...)","Redes sociales","Instagram;Pinterest;Reddit"
"2021/04/09 12:29:25 p. m. EET","De 16 a 25 años","Si, como hobby","Pintura","No lo publicito","","","","","","","","","","","","","","","Museos o exposiciones","",""
"2021/04/09 12:31:00 p. m. EET","De 16 a 25 años","Si, como hobby","Pintura","No lo publicito","","","","","","","","","","","","","","","Internet (redes sociales, páginas web, museos digitales...)","Redes sociales","Instagram"
"2021/04/09 12:31:35 p. m. EET","De 10 a 15 años","Si, como hobby","acuarela,lettering,pintura...","No lo publicito","","","","","","","","","","","","","","","Internet (redes sociales, páginas web, museos digitales...)","Redes sociales","Pinterest"
"2021/04/09 12:37:35 p. m. EET","De 16 a 25 años","Si, como profesión","Art nail ","Internet","Redes sociales (Instagram, Facebook, Tumblr, Dribbble...)","5","2","2","4","2","2","2","2","2","","","Si","Si","También me inspiro de cosas que veo o de charlas que damos ","Redes sociales y sitios web con profesoras y etc ","Instagram"
"2021/04/09 12:38:56 p. m. EET","De 16 a 25 años","Si, como hobby","Pintura","No lo publicito","","","","","","","","","","","","","","","Museos o exposiciones","",""
"2021/04/09 12:41:28 p. m. EET","De 16 a 25 años","Si, como profesión","danza","en mi insta sobretodo @mjdanbox","Redes sociales (Instagram, Facebook, Tumblr, Dribbble...)","5","3","1","5","1","1","1","1","1","1","","Si","Si","Museos o exposiciones","",""
"2021/04/09 12:42:05 p. m. EET","De 16 a 25 años","Si, como hobby","Pintura","No lo publicito","","","","","","","","","","","","","","","Internet (redes sociales, páginas web, museos digitales...)","Redes sociales","Instagram;Pinterest;Deviant Art"
"2021/04/09 12:45:23 p. m. EET","De 16 a 25 años","No","","","","","","","","","","","","","","","","","Biblioteca","",""
"2021/04/09 12:49:13 p. m. EET","De 16 a 25 años","No","","","","","","","","","","","","","","","","","Internet (redes sociales, páginas web, museos digitales...)","Redes sociales","Instagram;Pinterest"
"2021/04/09 12:51:01 p. m. EET","De 26 a 35 años","Si, como hobby","Pintura","No lo publicito","","","","","","","","","","","","","","","Internet (redes sociales, páginas web, museos digitales...)","Redes sociales","Instagram"
"2021/04/09 12:58:43 p. m. EET","De 16 a 25 años","Si, como hobby","Fotografía","No lo publicito","","","","","","","","","","","","","","","Internet (redes sociales, páginas web, museos digitales...)","Redes sociales","Instagram;Pinterest"
"2021/04/09 1:02:11 p. m. EET","De 16 a 25 años","Si, como hobby","Fotografía","Internet","Redes sociales (Instagram, Facebook, Tumblr, Dribbble...)","5","1","1","5","1","1","1","1","1","","","Si","Si","Internet (redes sociales, páginas web, museos digitales...)","Redes sociales","Instagram"
"2021/04/09 1:05:45 p. m. EET","De 16 a 25 años","No","","","","","","","","","","","","","","","","","Todas las opciones menos la de no consumo contenido artístico ","Redes sociales","Instagram"
"2021/04/09 1:05:47 p. m. EET","De 16 a 25 años","No","","","","","","","","","","","","","","","","","Todas las opciones menos la de no consumo contenido artístico ","Redes sociales","Instagram"
"2021/04/09 1:06:12 p. m. EET","De 16 a 25 años","Si, como hobby","Pintura","No lo publicito","","","","","","","","","","","","","","","Museos o exposiciones","",""
"2021/04/09 1:08:56 p. m. EET","De 26 a 35 años","Si, como hobby","Ilustraciones","Internet","Redes sociales (Instagram, Facebook, Tumblr, Dribbble...)","5","3","","","","","","","","","","Si","Si","Internet (redes sociales, páginas web, museos digitales...)","Redes sociales","Instagram"
"2021/04/09 1:14:28 p. m. EET","De 26 a 35 años","Si, como hobby","Ilustraciones","Internet","Redes sociales (Instagram, Facebook, Tumblr, Dribbble...)","5","2","2","3","2","2","2","2","2","","","Si","Si","Internet (redes sociales, páginas web, museos digitales...)","Redes sociales","Instagram;Pinterest"
"2021/04/09 1:34:27 p. m. EET","De 16 a 25 años","Si, como profesión","Ilustraciones","Internet","Redes sociales (Instagram, Facebook, Tumblr, Dribbble...)","5","1","1","4","2","1","1","1","2","1","","Si","No","Internet (redes sociales, páginas web, museos digitales...)","Redes sociales","Pinterest"
"2021/04/09 1:47:14 p. m. EET","De 16 a 25 años","Si, como profesión","Pintura","Museos o exposiciones","","","","","","","","","","","","","","","Internet (redes sociales, páginas web, museos digitales...)","Museos digitales",""
"2021/04/09 1:56:25 p. m. EET","De 16 a 25 años","Si, como hobby","Pintura","No lo publicito","","","","","","","","","","","","","","","Internet (redes sociales, páginas web, museos digitales...)","Redes sociales","Pinterest"
"2021/04/09 1:58:57 p. m. EET","De 16 a 25 años","Si, como profesión","Diseño","No lo publicito","","","","","","","","","","","","","","","Museos o exposiciones","",""
"2021/04/09 2:03:03 p. m. EET","De 16 a 25 años","Si, como hobby","Pintura","Internet","Redes sociales (Instagram, Facebook, Tumblr, Dribbble...)","5","3","1","3","1","1","1","1","1","","","Si","Si","Internet (redes sociales, páginas web, museos digitales...)","Redes sociales","Instagram;Pinterest"
"2021/04/09 2:03:03 p. m. EET","De 16 a 25 años","Si, como hobby","Ilustraciones","No lo publicito","","","","","","","","","","","","","","","Internet (redes sociales, páginas web, museos digitales...)","Redes sociales","Instagram;Pinterest"
"2021/04/09 2:14:14 p. m. EET","De 16 a 25 años","Si, como hobby","Pintura","No lo publicito","","","","","","","","","","","","","","","Internet (redes sociales, páginas web, museos digitales...)","Redes sociales","Instagram"
"2021/04/09 2:16:33 p. m. EET","De 16 a 25 años","No","","","","","","","","","","","","","","","","","Museos o exposiciones","",""
"2021/04/09 2:19:01 p. m. EET","De 16 a 25 años","Si, como hobby","Pintura","No lo publicito","","","","","","","","","","","","","","","Internet (redes sociales, páginas web, museos digitales...)","Sitios web dedicados al tema",""
"2021/04/09 2:22:36 p. m. EET","De 16 a 25 años","Si, como hobby","Pintura","No lo publicito","","","","","","","","","","","","","","","Internet (redes sociales, páginas web, museos digitales...)","Redes sociales","Instagram;Pinterest"
"2021/04/09 2:25:19 p. m. EET","De 10 a 15 años","Si, como hobby","Bordado y escritura","Internet","Redes sociales (Instagram, Facebook, Tumblr, Dribbble...)","5","1","1","3","1","1","1","1","1","","","Si","Si","Internet (redes sociales, páginas web, museos digitales...)","Redes sociales","Instagram"
"2021/04/09 2:30:13 p. m. EET","De 16 a 25 años","Si, como hobby","Pintura","No lo publicito","","","","","","","","","","","","","","","Internet (redes sociales, páginas web, museos digitales...)","Redes sociales","Instagram;Pinterest"
"2021/04/09 2:35:47 p. m. EET","De 16 a 25 años","Si, como hobby","Pintura","No lo publicito","","","","","","","","","","","","","","","Internet (redes sociales, páginas web, museos digitales...)","Museos digitales",""
"2021/04/09 2:36:19 p. m. EET","De 16 a 25 años","Si, como profesión","pintura , dibujo , ilustración y tatuaje ","Internet","Redes sociales (Instagram, Facebook, Tumblr, Dribbble...)","5","1","1","5","3","1","1","1","3","1","","Si","Si","Internet (redes sociales, páginas web, museos digitales...)","Redes sociales","Instagram"
"2021/04/09 2:40:18 p. m. EET","De 10 a 15 años","Si, como hobby","Pintura","No lo publicito","","","","","","","","","","","","","","","No consumo contenidos artísticos","",""
"2021/04/09 2:41:21 p. m. EET","De 16 a 25 años","Si, como hobby","Pintura","Internet","Redes sociales (Instagram, Facebook, Tumblr, Dribbble...)","5","2","4","4","2","2","2","2","2","","","Si","Si","Internet (redes sociales, páginas web, museos digitales...)","Blogs",""
"2021/04/09 2:45:09 p. m. EET","De 16 a 25 años","Si, como hobby","Ilustraciones","No lo publicito","","","","","","","","","","","","","","","Internet (redes sociales, páginas web, museos digitales...)","calle, el arte está por todo. también redes sociales naturaleza, museos ...","Pinterest"
"2021/04/09 2:47:02 p. m. EET","De 10 a 15 años","Si, como hobby","Pintura","No lo publicito","","","","","","","","","","","","","","","Internet (redes sociales, páginas web, museos digitales...)","Redes sociales","Instagram"
"2021/04/09 2:48:52 p. m. EET","De 16 a 25 años","Si, como hobby","Ilustraciones","Internet","Redes sociales (Instagram, Facebook, Tumblr, Dribbble...)","5","2","2","3","1","1","1","1","1","","","Si","Si","Internet (redes sociales, páginas web, museos digitales...)","Redes sociales","Instagram;Pinterest"
"2021/04/09 2:54:26 p. m. EET","De 16 a 25 años","Si, como hobby","Fotografía","Internet","Redes sociales (Instagram, Facebook, Tumblr, Dribbble...)","5","3","1","1","1","1","1","1","1","1","","Si","Si","Internet (redes sociales, páginas web, museos digitales...)","Sitios web dedicados al tema",""
"2021/04/09 2:56:11 p. m. EET","De 16 a 25 años","Si, como hobby","Cerámica ","No lo publicito","","","","","","","","","","","","","","","Museos o exposiciones","",""
"2021/04/09 2:56:31 p. m. EET","De 16 a 25 años","Si, como hobby","Pintura","No lo publicito","","","","","","","","","","","","","","","Internet (redes sociales, páginas web, museos digitales...)","Redes sociales","Pinterest"
"2021/04/09 2:59:50 p. m. EET","De 16 a 25 años","Si, como hobby","pintura y fotografía ","No lo publicito","","","","","","","","","","","","","","","Internet (redes sociales, páginas web, museos digitales...)","Redes sociales","Instagram;Pinterest"
"2021/04/09 3:06:12 p. m. EET","De 16 a 25 años","No","","","","","","","","","","","","","","","","","Internet (redes sociales, páginas web, museos digitales...)","Redes sociales","Pinterest"
"2021/04/09 3:07:17 p. m. EET","De 16 a 25 años","Si, como hobby","Pintura","No lo publicito","","","","","","","","","","","","","","","Internet (redes sociales, páginas web, museos digitales...)","Museos digitales",""
"2021/04/09 3:08:37 p. m. EET","De 16 a 25 años","Si, como hobby","Pintura","No lo publicito","","","","","","","","","","","","","","","Museos o exposiciones","",""
"2021/04/09 3:09:42 p. m. EET","De 10 a 15 años","Si, como hobby","Pintura","No lo publicito","","","","","","","","","","","","","","","Internet (redes sociales, páginas web, museos digitales...)","Redes sociales","Instagram"
"2021/04/09 3:11:16 p. m. EET","De 16 a 25 años","Si, como hobby","Pintura","No lo publicito","","","","","","","","","","","","","","","Internet (redes sociales, páginas web, museos digitales...)","Redes sociales","Instagram;Pinterest"
"2021/04/09 3:11:36 p. m. EET","De 16 a 25 años","Si, como hobby","Pintura","Internet","Redes sociales (Instagram, Facebook, Tumblr, Dribbble...)","5","1","1","5","1","1","1","1","1","1","","Si","Si","Internet (redes sociales, páginas web, museos digitales...)","Sitios web dedicados al tema",""
"2021/04/09 3:12:09 p. m. EET","De 16 a 25 años","Si, como hobby","escritura ","No lo publicito","","","","","","","","","","","","","","","Biblioteca","",""
"2021/04/09 3:13:57 p. m. EET","De 16 a 25 años","Si, como profesión","Ilustraciones","Internet","Redes sociales (Instagram, Facebook, Tumblr, Dribbble...)","2","1","1","1","1","","1","","5","5","Linkeding","Si","Si","Internet (redes sociales, páginas web, museos digitales...)","Redes sociales","Instagram;Pinterest;Behance"
"2021/04/09 3:21:51 p. m. EET","De 16 a 25 años","Si, como hobby","poesía ","Internet","Redes sociales (Instagram, Facebook, Tumblr, Dribbble...)","5","1","1","3","1","2","1","2","1","1","","Si","Si","Internet (redes sociales, páginas web, museos digitales...)","Redes sociales","Instagram;Pinterest"
"2021/04/09 3:30:31 p. m. EET","De 16 a 25 años","Si, como hobby","Fotografía","No lo publicito","","","","","","","","","","","","","","","Internet (redes sociales, páginas web, museos digitales...)","Redes sociales","Instagram;Pinterest"
"2021/04/09 3:38:11 p. m. EET","De 16 a 25 años","Si, como hobby","Pintura","Internet","Redes sociales (Instagram, Facebook, Tumblr, Dribbble...)","5","3","1","5","1","1","1","1","1","","","Si","Si","Internet (redes sociales, páginas web, museos digitales...)","Redes sociales","Instagram;Pinterest"
"2021/04/09 3:40:08 p. m. EET","De 16 a 25 años","Si, como hobby","Pintura","No lo publicito","","","","","","","","","","","","","","","Internet (redes sociales, páginas web, museos digitales...)","Redes sociales","Instagram;Pinterest"
"2021/04/09 3:57:43 p. m. EET","De 16 a 25 años","Si, como hobby","Pintura","No lo publicito","","","","","","","","","","","","","","","Internet (redes sociales, páginas web, museos digitales...)","Sitios web dedicados al tema y redes sociales","Instagram"
"2021/04/09 4:10:55 p. m. EET","De 16 a 25 años","Si, como hobby","Poesía, video","No lo publicito","","","","","","","","","","","","","","","Internet (redes sociales, páginas web, museos digitales...)","Redes sociales","Instagram;Pinterest;Behance"
"2021/04/09 4:15:54 p. m. EET","De 10 a 15 años","Si, como hobby","Escritura ","No lo publicito","","","","","","","","","","","","","","","Entre redes sociales y libros que leo ","Redes sociales","Pinterest"
"2021/04/09 4:28:11 p. m. EET","De 16 a 25 años","Si, como hobby","Pintura","Insta!","Redes sociales (Instagram, Facebook, Tumblr, Dribbble...)","5","1","1","1","1","1","1","1","1","1","","Si","Si","Museos y redes y mi ambiente personal ","Redes sociales","Instagram;Pinterest"
"2021/04/09 5:03:54 p. m. EET","De 16 a 25 años","Si, como hobby","Ilustraciones","Internet","Redes sociales (Instagram, Facebook, Tumblr, Dribbble...)","5","5","2","5","1","1","1","1","1","1","No.","Si","Si","Internet (redes sociales, páginas web, museos digitales...)","Redes sociales","Instagram;Facebook;Pinterest"
"2021/04/09 5:05:25 p. m. EET","De 16 a 25 años","Si, como hobby","ilustraciones y fotografía ","No lo publicito","","","","","","","","","","","","","","","Internet (redes sociales, páginas web, museos digitales...)","Redes sociales","Instagram;Pinterest"
"2021/04/09 5:29:35 p. m. EET","De 16 a 25 años","Si, como hobby","Pintura","No lo publicito","","","","","","","","","","","","","","","Internet (redes sociales, páginas web, museos digitales...)","Sitios web dedicados al tema",""
"2021/04/09 5:34:01 p. m. EET","De 16 a 25 años","Si, como profesión","Ilustraciones","Internet","Redes sociales (Instagram, Facebook, Tumblr, Dribbble...)","5","1","1","2","1","1","1","1","1","1","","Si","","Museos o exposiciones","",""
"2021/04/09 5:50:15 p. m. EET","De 10 a 15 años","Si, como hobby","Pintura","No lo publicito","","","","","","","","","","","","","","","Internet (redes sociales, páginas web, museos digitales...)","Blogs",""
"2021/04/09 6:28:05 p. m. EET","De 16 a 25 años","Si, como hobby","Pintura","Internet","Redes sociales (Instagram, Facebook, Tumblr, Dribbble...)","5","2","2","5","3","2","2","3","4","","","Si","Si","Internet (redes sociales, páginas web, museos digitales...)","Redes sociales","Instagram"
"2021/04/09 6:45:39 p. m. EET","De 10 a 15 años","No","","","","","","","","","","","","","","","","","Internet (redes sociales, páginas web, museos digitales...)","Redes sociales","Instagram"
"2021/04/09 6:53:55 p. m. EET","De 16 a 25 años","Si, como hobby","Pintura","No lo publicito","","","","","","","","","","","","","","","Internet (redes sociales, páginas web, museos digitales...)","Redes sociales","Instagram"
"2021/04/09 7:03:07 p. m. EET","De 16 a 25 años","Si, como hobby","Ilustraciones","No lo publicito","","","","","","","","","","","","","","","Internet (redes sociales, páginas web, museos digitales...)","Redes sociales","Instagram;Pinterest"
"2021/04/09 7:06:48 p. m. EET","De 10 a 15 años","Si, como hobby","escribir ","No lo publicito","","","","","","","","","","","","","","","Internet (redes sociales, páginas web, museos digitales...)","Redes sociales","Instagram;Pinterest"
"2021/04/09 7:17:57 p. m. EET","De 16 a 25 años","Si, como hobby","Dibujo","No lo publicito","","","","","","","","","","","","","","","Internet (redes sociales, páginas web, museos digitales...)","Redes sociales","Instagram;Pinterest"
"2021/04/09 7:45:30 p. m. EET","De 16 a 25 años","Si, como hobby","Ilustraciones","Internet","Redes sociales (Instagram, Facebook, Tumblr, Dribbble...)","5","1","1","1","1","1","1","1","1","","","Si","No","Internet (redes sociales, páginas web, museos digitales...)","Las 4 respuestas","Instagram"
"2021/04/09 7:50:57 p. m. EET","De 16 a 25 años","Si, como hobby","Ilustraciones","No lo publicito","","","","","","","","","","","","","","","Internet (redes sociales, páginas web, museos digitales...)","Redes sociales","Instagram;Pinterest;Deviant Art"
"2021/04/09 7:56:36 p. m. EET","De 10 a 15 años","Si, como hobby","Dibujos, normalmente de pocos trazos","No lo publicito","","","","","","","","","","","","","","","Internet (redes sociales, páginas web, museos digitales...)","Redes sociales","Pinterest"
"2021/04/09 7:56:42 p. m. EET","De 10 a 15 años","Si, como hobby","Dibujos, normalmente de pocos trazos","No lo publicito","","","","","","","","","","","","","","","Internet (redes sociales, páginas web, museos digitales...)","Redes sociales","Pinterest"
"2021/04/09 7:58:25 p. m. EET","De 16 a 25 años","Si, como hobby","Pintura","No lo publicito","","","","","","","","","","","","","","","Internet (redes sociales, páginas web, museos digitales...)","Sitios web dedicados al tema",""
"2021/04/09 8:10:03 p. m. EET","De 10 a 15 años","Si, como hobby","Pintura","Internet","Redes sociales (Instagram, Facebook, Tumblr, Dribbble...)","5","4","1","5","1","1","1","1","1","","","Si","Si","Internet (redes sociales, páginas web, museos digitales...)","Redes sociales","Instagram;Facebook;Pinterest"
"2021/04/09 8:41:05 p. m. EET","De 16 a 25 años","Si, como hobby","Pintura","No lo publicito","","","","","","","","","","","","","","","Internet (redes sociales, páginas web, museos digitales...)","Redes sociales","Instagram;Pinterest"
"2021/04/09 9:24:47 p. m. EET","De 26 a 35 años","Si, como hobby","Pintura","No lo publicito","","","","","","","","","","","","","","","Internet (redes sociales, páginas web, museos digitales...)","Redes sociales","Instagram"
"2021/04/09 9:41:39 p. m. EET","De 10 a 15 años","No","","","","","","","","","","","","","","","","","Internet (redes sociales, páginas web, museos digitales...)","Redes sociales","Pinterest"
"2021/04/09 10:21:58 p. m. EET","De 10 a 15 años","Si, como hobby","Pintura","Internet","Redes sociales (Instagram, Facebook, Tumblr, Dribbble...)","5","","","","","","","","","","","Si","No","Museos o exposiciones","",""
"2021/04/09 10:33:17 p. m. EET","De 16 a 25 años","Si, como profesión","Pinto los iris de las protesis oculares","No lo publicito","","","","","","","","","","","","","","","No consumo contenidos artísticos","",""
"2021/04/09 10:47:05 p. m. EET","De 16 a 25 años","No","","","","","","","","","","","","","","","","","Internet (redes sociales, páginas web, museos digitales...)","Redes sociales","Instagram;Pinterest"
"2021/04/09 10:57:39 p. m. EET","De 16 a 25 años","Si, como hobby","Ilustraciones","No lo publicito","","","","","","","","","","","","","","","Internet (redes sociales, páginas web, museos digitales...)","Redes sociales","Instagram;Pinterest;Behance"
"2021/04/09 11:34:38 p. m. EET","De 26 a 35 años","Si, como hobby","Pintura","No lo publicito","","","","","","","","","","","","","","","Internet (redes sociales, páginas web, museos digitales...)","Redes sociales","Instagram"
"2021/04/09 11:41:43 p. m. EET","De 10 a 15 años","Si, como hobby","Pintura","Museos o exposiciones","","","","","","","","","","","","","","","Pinterest","Redes sociales","Pinterest"
"2021/04/09 11:48:52 p. m. EET","De 16 a 25 años","Si, como hobby","Pintura","No lo publicito","","","","","","","","","","","","","","","Internet (redes sociales, páginas web, museos digitales...)","Redes sociales","Instagram;Facebook;Pinterest"
"2021/04/09 11:57:03 p. m. EET","De 26 a 35 años","Si, como hobby","Pintura","No lo publicito","","","","","","","","","","","","","","","Internet (redes sociales, páginas web, museos digitales...)","Redes sociales","Instagram"
"2021/04/10 12:06:23 a. m. EET","De 16 a 25 años","Si, como hobby","Pintura","No lo publicito","","","","","","","","","","","","","","","Internet (redes sociales, páginas web, museos digitales...)","Sitios web dedicados al tema",""
"2021/04/10 12:06:37 a. m. EET","De 16 a 25 años","Si, como hobby","Pintura","No lo publicito","","","","","","","","","","","","","","","Museos o exposiciones","",""
"2021/04/10 12:17:32 a. m. EET","De 16 a 25 años","Si, como profesión","Ilustraciones","Internet","Redes sociales (Instagram, Facebook, Tumblr, Dribbble...)","5","3","1","3","1","1","1","1","1","","","Si","Si","Internet (redes sociales, páginas web, museos digitales...)","Redes sociales","Instagram"
"2021/04/10 12:48:22 a. m. EET","De 16 a 25 años","Si, como hobby","Pintura y fotografía","Internet","Redes sociales (Instagram, Facebook, Tumblr, Dribbble...)","5","4","1","5","2","1","1","1","1","5","vsco","Si","Si","Museos o exposiciones","",""
"2021/04/10 1:04:33 a. m. EET","De 16 a 25 años","Si, como hobby","Fotografía","No lo publicito","","","","","","","","","","","","","","","Internet (redes sociales, páginas web, museos digitales...)","Redes sociales","Pinterest"
"2021/04/10 1:25:12 a. m. EET","De 16 a 25 años","Si, como hobby","Pintura","No lo publicito","","","","","","","","","","","","","","","Internet (redes sociales, páginas web, museos digitales...)","Redes sociales","Instagram;Pinterest"
"2021/04/10 5:24:25 a. m. EET","De 36 a 45 años","Si, como hobby","Pintura","No lo publicito","","","","","","","","","","","","","","","Internet (redes sociales, páginas web, museos digitales...)","Sitios web dedicados al tema",""
"2021/04/10 6:30:14 a. m. EET","De 16 a 25 años","Si, como hobby","Pintura","Museos o exposiciones","","","","","","","","","","","","","","","Internet (redes sociales, páginas web, museos digitales...)","Sitios web dedicados al tema",""
"2021/04/10 6:35:33 a. m. EET","De 16 a 25 años","Si, como hobby","Fotografía","No lo publicito","","","","","","","","","","","","","","","Internet (redes sociales, páginas web, museos digitales...)","Blogs",""
"2021/04/10 8:52:09 a. m. EET","De 16 a 25 años","Si, como hobby","Pintura","No lo publicito","","","","","","","","","","","","","","","Documentales","",""
"2021/04/10 10:45:01 a. m. EET","De 16 a 25 años","Si, como profesión","Grabado y Litografía","No lo publicito","","","","","","","","","","","","","","","Internet (redes sociales, páginas web, museos digitales...)","Redes sociales","Instagram;Pinterest"
"2021/04/10 10:55:09 a. m. EET","De 10 a 15 años","Si, como hobby","Pintura","No lo publicito","","","","","","","","","","","","","","","Internet (redes sociales, páginas web, museos digitales...)","Redes sociales","Instagram;Pinterest"
"2021/04/10 11:02:52 a. m. EET","De 16 a 25 años","Si, como hobby","Pintura","Internet","Redes sociales (Instagram, Facebook, Tumblr, Dribbble...)","5","1","1","4","1","1","1","1","1","4","Twitter ","Si","Si","Internet (redes sociales, páginas web, museos digitales...)","Redes sociales","Instagram;Pinterest;Twitter"
"2021/04/10 11:18:29 a. m. EET","De 46 a 55 años","No","","","","","","","","","","","","","","","","","Internet (redes sociales, páginas web, museos digitales...)","Sitios web dedicados al tema",""
"2021/04/10 11:30:57 a. m. EET","De 16 a 25 años","Si, como hobby","Pintura","No lo publicito","","","","","","","","","","","","","","","Internet (redes sociales, páginas web, museos digitales...)","Redes sociales","Instagram"
"2021/04/10 11:48:32 a. m. EET","De 16 a 25 años","Si, como hobby","Pintura","No lo publicito","","","","","","","","","","","","","","","Internet (redes sociales, páginas web, museos digitales...)","Blogs",""
"2021/04/12 9:30:53 p. m. EET","De 16 a 25 años","Si, como hobby","Ilustraciones","Internet","Redes sociales (Instagram, Facebook, Tumblr, Dribbble...)","3","1","2","3","1","1","1","2","1","5","Twitter","Si","Si","Internet (redes sociales, páginas web, museos digitales...)","Redes sociales","Instagram;Pinterest;Twitter"
"2021/04/24 11:41:49 p. m. EET","De 36 a 45 años","No","","","","","","","","","","","","","","","","","Internet (redes sociales, páginas web, museos digitales...)","Redes sociales","Instagram;Facebook;Pinterest"
"2021/05/09 11:10:53 a. m. EET","De 26 a 35 años","Si, como hobby","Ilustraciones","No lo publicito","","","","","","","","","","","","","","","Internet (redes sociales, páginas web, museos digitales...)","Sitios web dedicados al tema",""